{
    "@context": "https://standards.oftrust.net/v2/Context/Identity/Digital/Software/App/",
    "@type": "App",
    "@id": "48bb2858-e2fc-42d3-b44e-35f138b4b02d",
    "data": {
        "name": "Example Application",
        "webPageUrl": "http://example.com/application.html",
        "iconUrl": "http://example.com/icon.png",
        "description": "Application description",
        "privacyPolicyUrl": "http://example.com/privacy.html"
    },
    "metadata": {
        "createdAt": "2018-12-03T14:33:44",
        "createdBy": "747d0af5-6f06-4309-b2d5-f06677356a9a",
        "updatedAt": "2018-12-03T14:33:44",
        "updatedBy": "747d0af5-6f06-4309-b2d5-f06677356a9a"
    },
    "inLinks": [
        {
            "@context": "https://standards.oftrust.net/v2/Context/Link/Role/DeveloperOf/",
            "@type": "DeveloperOf",
            "@id": "a6101e2d-b19c-4cd5-9767-00aa78986a39",
            "from": "bfec43ac-a0ce-4469-a78f-3106cf28b4c9",
            "to": "286042aa-6299-4138-8675-da105dfadefc",
            "data": {},
            "metadata": {
                "createdAt": "2018-12-03T14:33:44",
                "createdBy": "747d0af5-6f06-4309-b2d5-f06677356a9a",
                "updatedAt": "2018-12-03T14:33:44",
                "updatedBy": "747d0af5-6f06-4309-b2d5-f06677356a9a"
            }
        }
    ],
    "pagination": {
        "inLinks": {
            "links": [
                {
                    "rel": "first",
                    "href": "https://api-sandbox.oftrust.net/identities/v1/48bb2858-e2fc-42d3-b44e-35f138b4b02d?offset=0&limit=100"
                },
                {
                    "rel": "self",
                    "href": "https://api-sandbox.oftrust.net/identities/v1/48bb2858-e2fc-42d3-b44e-35f138b4b02d"
                },
                {
                    "rel": "last",
                    "href": "https://api-sandbox.oftrust.net/identities/v1/48bb2858-e2fc-42d3-b44e-35f138b4b02d?offset=0&limit=100"
                }
            ],
            "hasMore": false,
            "totalCount": 1
        },
        "outLinks": {
            "links": [
                {
                    "rel": "first",
                    "href": "https://api-sandbox.oftrust.net/identities/v1/48bb2858-e2fc-42d3-b44e-35f138b4b02d?offset=0&limit=100"
                },
                {
                    "rel": "self",
                    "href": "https://api-sandbox.oftrust.net/identities/v1/48bb2858-e2fc-42d3-b44e-35f138b4b02d"
                },
                {
                    "rel": "last",
                    "href": "https://api-sandbox.oftrust.net/identities/v1/48bb2858-e2fc-42d3-b44e-35f138b4b02d?offset=0&limit=100"
                }
            ],
            "hasMore": false,
            "totalCount": 1
        }
    },
    "outLinks": [
        {
            "@context": "https://standards.oftrust.net/v2/Context/Link/PublishedOn/",
            "@type": "PublishedOn",
            "@id": "87a5dee9-0a29-40c7-9972-475ef2c47890",
            "from": "286042aa-6299-4138-8675-da105dfadefc",
            "to": "10e28dca-3000-4fc5-8b2f-c21bd1893c9d",
            "data": {},
            "metadata": {
                "createdAt": "2018-12-03T14:33:44",
                "createdBy": "747d0af5-6f06-4309-b2d5-f06677356a9a",
                "updatedAt": "2018-12-03T14:33:44",
                "updatedBy": "747d0af5-6f06-4309-b2d5-f06677356a9a"
            }
        }
    ]
}
